source,label,window_id,compressibility_score
legit,0,0,1.9379407616361073
legit,0,1,1.9434229137199435
legit,0,2,2.139423076923077
legit,0,3,2.3159784560143626
legit,0,4,2.4333958724202627
legit,0,5,2.5324165029469548
legit,0,6,2.481624758220503
legit,0,7,2.70362473347548
legit,0,8,2.5470588235294116
legit,0,9,2.6427104722792607
legit,0,10,2.609406952965235
legit,0,11,2.605691056910569
legit,0,12,2.4990176817288803
legit,0,13,2.431261770244821
legit,0,14,2.6376518218623484
legit,0,15,2.464814814814815
legit,0,16,2.411552346570397
legit,0,17,2.3783783783783785
legit,0,18,2.3032928942807627
legit,0,19,2.3055555555555554
legit,0,20,2.3970588235294117
legit,0,21,2.4328358208955225
legit,0,22,2.4473684210526314
legit,0,23,2.4773584905660377
legit,0,24,2.418250950570342
legit,0,25,2.3970588235294117
legit,0,26,2.391866913123845
legit,0,27,2.5147347740667976
legit,0,28,2.4383301707779887
legit,0,29,2.478846153846154
legit,0,30,2.3644688644688645
legit,0,31,2.5284872298624754
legit,0,32,2.385046728971963
legit,0,33,2.4003690036900367
legit,0,34,2.292768959435626
legit,0,35,2.3150442477876108
legit,0,36,2.461977186311787
legit,0,37,2.4301470588235294
legit,0,38,2.474860335195531
legit,0,39,2.404850746268657
legit,0,40,2.4464609800362975
legit,0,41,2.378927911275416
legit,0,42,2.6311475409836067
legit,0,43,2.5442043222003927
legit,0,44,2.448473282442748
legit,0,45,2.5449101796407185
legit,0,46,2.3847549909255896
legit,0,47,2.381037567084079
legit,0,48,2.3905109489051095
legit,0,49,2.5153846153846153
legit,0,50,2.4452690166975883
legit,0,51,2.3917710196779964
legit,0,52,2.438888888888889
legit,0,53,2.5161290322580645
legit,0,54,2.401129943502825
legit,0,55,2.386861313868613
legit,0,56,2.561122244488978
legit,0,57,2.4508670520231215
legit,0,58,2.358455882352941
legit,0,59,2.4573055028463
legit,0,60,2.3045774647887325
legit,0,61,2.28719723183391
legit,0,62,2.389189189189189
legit,0,63,2.409982174688057
legit,0,64,2.396330275229358
legit,0,65,2.4773584905660377
legit,0,66,2.349911190053286
legit,0,67,2.3824057450628366
legit,0,68,2.3973634651600753
legit,0,69,2.2645051194539247
legit,0,70,2.337979094076655
legit,0,71,2.367021276595745
legit,0,72,2.3456140350877193
legit,0,73,2.2670068027210886
legit,0,74,2.368043087971275
legit,0,75,2.244186046511628
legit,0,76,2.3214920071047955
legit,0,77,2.5582329317269075
legit,0,78,2.5593561368209254
legit,0,79,2.499009900990099
legit,0,80,2.536290322580645
legit,0,81,2.5772357723577235
legit,0,82,2.685774946921444
legit,0,83,2.289048473967684
legit,0,84,2.3659889094269873
legit,0,85,2.6464435146443517
legit,0,86,2.458574181117534
legit,0,87,2.346014492753623
legit,0,88,2.3107142857142855
legit,0,89,2.350909090909091
legit,0,90,2.300174520069808
legit,0,91,2.450381679389313
legit,0,92,2.431985294117647
legit,0,93,2.4349442379182156
legit,0,94,2.418560606060606
legit,0,95,2.4960629921259843
legit,0,96,2.463654223968566
legit,0,97,2.284452296819788
legit,0,98,2.3345521023765996
legit,0,99,2.3435804701627485
No_AES,1,0,2.4105793450881614
No_AES,1,1,2.4895833333333335
No_AES,1,2,2.4768041237113403
No_AES,1,3,2.440203562340967
No_AES,1,4,2.442455242966752
No_AES,1,5,2.4416243654822334
No_AES,1,6,2.4252577319587627
No_AES,1,7,2.4300254452926207
No_AES,1,8,2.4139650872817957
No_AES,1,9,2.5104712041884816
No_AES,1,10,2.4782608695652173
No_AES,1,11,2.424552429667519
No_AES,1,12,2.461340206185567
No_AES,1,13,2.414141414141414
No_AES,1,14,2.4271099744245523
No_AES,1,15,2.467005076142132
No_AES,1,16,2.5340314136125652
No_AES,1,17,2.494818652849741
No_AES,1,18,2.4593908629441623
No_AES,1,19,2.4922680412371134
No_AES,1,20,2.4366925064599485
No_AES,1,21,2.4120603015075375
No_AES,1,22,2.5128865979381443
No_AES,1,23,2.4358974358974357
No_AES,1,24,2.3799019607843137
No_AES,1,25,2.4410256410256412
No_AES,1,26,2.5194805194805197
No_AES,1,27,2.4256926952141056
No_AES,1,28,2.4529262086513994
No_AES,1,29,2.418546365914787
No_AES,1,30,2.3975
No_AES,1,31,2.4151898734177215
No_AES,1,32,2.4455696202531647
No_AES,1,33,2.4069478908188584
No_AES,1,34,2.4181360201511337
No_AES,1,35,2.4271099744245523
No_AES,1,36,2.457070707070707
No_AES,1,37,2.433249370277078
No_AES,1,38,2.427848101265823
No_AES,1,39,2.4376590330788805
No_AES,1,40,2.4260204081632653
No_AES,1,41,2.480719794344473
No_AES,1,42,2.4376590330788805
No_AES,1,43,2.433249370277078
No_AES,1,44,2.5157068062827226
No_AES,1,45,2.422110552763819
No_AES,1,46,2.471502590673575
No_AES,1,47,2.4461538461538463
No_AES,1,48,2.415617128463476
No_AES,1,49,2.4692307692307693
No_AES,1,50,2.4693877551020407
No_AES,1,51,2.476683937823834
No_AES,1,52,2.41343669250646
No_AES,1,53,2.4578005115089514
No_AES,1,54,2.479381443298969
No_AES,1,55,2.4587628865979383
No_AES,1,56,2.464467005076142
No_AES,1,57,2.4947916666666665
No_AES,1,58,2.449238578680203
No_AES,1,59,2.4346733668341707
No_AES,1,60,2.4740932642487046
No_AES,1,61,2.488372093023256
No_AES,1,62,2.440203562340967
No_AES,1,63,2.4603580562659846
No_AES,1,64,2.5025906735751295
No_AES,1,65,2.461734693877551
No_AES,1,66,2.419437340153453
No_AES,1,67,2.4909090909090907
No_AES,1,68,2.433673469387755
No_AES,1,69,2.420654911838791
No_AES,1,70,2.441326530612245
No_AES,1,71,2.4441624365482233
No_AES,1,72,2.4390862944162435
No_AES,1,73,2.4441624365482233
No_AES,1,74,2.463476070528967
No_AES,1,75,2.4641025641025642
No_AES,1,76,2.463917525773196
No_AES,1,77,2.4029850746268657
No_AES,1,78,2.48586118251928
No_AES,1,79,2.4390862944162435
No_AES,1,80,2.434010152284264
No_AES,1,81,2.427480916030534
No_AES,1,82,2.4692307692307693
No_AES,1,83,2.433249370277078
No_AES,1,84,2.4475703324808182
No_AES,1,85,2.438775510204082
No_AES,1,86,2.4728682170542635
No_AES,1,87,2.455470737913486
No_AES,1,88,2.433333333333333
No_AES,1,89,2.4578005115089514
No_AES,1,90,2.3944723618090453
No_AES,1,91,2.405
No_AES,1,92,2.4160401002506267
No_AES,1,93,2.4444444444444446
No_AES,1,94,2.4489795918367347
No_AES,1,95,2.484375
No_AES,1,96,2.4289340101522843
No_AES,1,97,2.4631043256997454
No_AES,1,98,2.452196382428941
No_AES,1,99,2.4253164556962026
